algorithm,map_type,n_robots,success_rate_mean,mean_wait_time_mean,throughput_per_step_mean,fairness_jain_wait_mean,footprint_conflicts_mean,swept_conflicts_mean,continuous_min_clearance_mean,avg_step_runtime_ms_mean
impc_dr_lite,bottleneck,56,0.6547619047619048,38.63690476190476,0.2291666666666666,0.348018106300991,0.0,0.0,0.08,8.211802458336118
lcg_mpc_plus,bottleneck,56,0.6607142857142857,27.607142857142858,0.2312499999999999,0.3230809696799031,0.0,0.6666666666666666,0.08,8.590466022915896
whca,bottleneck,56,0.2797619047619047,88.06547619047619,0.0979166666666666,0.705345616529292,1443.6666666666667,1420.0,0.08,7.133570597921117
impc_dr_lite,intersection,56,0.9464285714285716,12.904761904761903,0.5226527149321267,0.5604304401914131,0.6666666666666666,0.0,0.08,4.700952098576063
lcg_mpc_plus,intersection,56,1.0,7.238095238095238,0.6134587579479139,0.7000791512852812,1.3333333333333333,0.6666666666666666,0.08,5.602839065276354
whca,intersection,56,0.0357142857142856,132.79166666666666,0.0124999999999999,0.9604897674009406,3046.0,2963.6666666666665,0.08,6.539784858335196
impc_dr_lite,ring,56,0.9345238095238096,16.761904761904763,0.3270833333333333,0.2160816414471733,1.0,0.0,0.08,3.691309506246417
lcg_mpc_plus,ring,56,0.9226190476190476,18.71428571428571,0.3229166666666667,0.25226141091979,7.0,5.333333333333333,0.08,4.375604214583244
whca,ring,56,0.0238095238095237,136.32738095238096,0.0083333333333333,0.971942531299422,2985.6666666666665,2932.6666666666665,0.08,6.528657566666851
